result_set,method,window,target_tps,seed,cross_ratio,mean_max_share,mean_jain,mean_active_shards,latency_mean_sec,latency_p95_sec,latency_p99_sec,wall_tps,quality_ok,run
实验结果9,anchoronly,test2M,250,7,0.397965,0.5604309173346196,0.20618616616318328,12.240324594257178,22.937350878,165.926,240.951,249.79338964259188,True,anchoronly_16s_test2M_i250_seed7_20260812_174355
实验结果9,anchoronly,validation444k,250,7,0.45714485190949034,0.40371288523620735,0.26449095570691217,13.513966480446927,4.498586823987262,7.643,8.649,248.9691212999669,True,anchoronly_16s_validation444k_i250_seed7_20260807_221558
实验结果9,hash,test2M,250,17,0.8330605,0.4133630854344883,0.3604720749839845,14.02059925093633,24.0223523625,166.198,240.269,249.80936422892282,True,hash_16s_test2M_i250_seed17_20260902_203142
实验结果9,hash,test2M,250,27,0.8330605,0.4129736655859786,0.36052457277300054,14.013732833957553,24.1320478795,165.979,241.013,249.7568305058987,True,hash_16s_test2M_i250_seed27_20260903_150422
实验结果9,hash,test2M,250,7,0.8330605,0.41326771351343733,0.36050843772956553,14.019975031210986,24.192438352,166.92,241.951,249.7764188830473,True,hash_16s_test2M_i250_seed7_20260810_230854
实验结果9,hash,validation444k,250,7,0.9061301430794628,0.30842016612859136,0.41330206216641635,15.924581005586592,6.4819252824766505,10.687,11.729,248.8047795370188,True,hash_16s_validation444k_i250_seed7_20260806_184753
实验结果9,heuristic_pure,test2M,250,7,0.5438065,0.4761691359090229,0.2667780966990786,13.725967540574283,23.759873056,166.115,241.135,249.74869038030482,True,heuristic_pure_16s_test2M_i250_seed7_20260811_211053
实验结果9,heuristic_pure,validation444k,250,7,0.6435017420425703,0.3486171052166214,0.3386398759304208,14.636871508379889,5.475996901033515,10.004,11.549,248.8245783332381,True,heuristic_pure_16s_validation444k_i250_seed7_20260806_223230
实验结果9,minstate,test2M,250,7,0.965696,0.34942134114329937,0.3622374461940289,14.258426966292134,25.794662859,163.038,287.568,249.79451278891702,True,minstate_16s_test2M_i250_seed7_20260811_171232
实验结果9,minstate,validation444k,250,7,0.9241676594920487,0.31432853905989655,0.4010729042915975,15.946778711484594,6.088816543886636,10.384,11.698,249.180797063833,True,minstate_16s_validation444k_i250_seed7_20260806_211709
实验结果9,nsshard_adapted_cap12,test2M,250,17,0.7638775,0.3535772701253933,0.3135794950092653,14.030303030303031,25.330077551,162.322,280.326,249.77417292590337,True,nsshard_adapted_cap12_16s_test2M_i250_seed17_20260905_131822
实验结果9,nsshard_adapted_cap12,test2M,250,27,0.7638775,0.3525930079594026,0.31345677028200947,14.049282595134123,24.830930066,163.551,281.545,249.84110105972601,True,nsshard_adapted_cap12_16s_test2M_i250_seed27_20260905_164808
实验结果9,nsshard_adapted_cap12,test2M,250,7,0.7638775,0.3522657621223293,0.31399183183102963,14.070536828963796,24.577793851,162.084,280.126,249.74588356347417,True,nsshard_adapted_cap12_16s_test2M_i250_seed7_20260812_121736
实验结果9,nsshard_adapted_cap12,validation444k,250,7,0.7040824829568104,0.32788663461922396,0.35978403397744807,15.73463687150838,5.752101274945441,10.065,11.724,248.72812378512157,True,nsshard_adapted_cap12_16s_validation444k_i250_seed7_20260807_214042
实验结果9,ppo_top7_w5530_pareto,test2M,250,17,0.806123,0.3585626745812504,0.3165852670340705,11.548064918851436,24.3077061045,162.874,281.921,249.74544695319295,True,ppo_top7_w5530_pareto_16s_test2M_i250_seed17_20260813_151207
实验结果9,ppo_top7_w5530_pareto,test2M,250,27,0.7481695,0.33094126726788836,0.3271055865431881,10.984384759525296,23.503696016000003,163.378,281.42,249.92886399708482,True,ppo_top7_w5530_pareto_16s_test2M_i250_seed27_20260813_180234
实验结果9,ppo_top7_w5530_pareto,test2M,250,7,0.723254,0.3605708392287688,0.2836078966710569,10.768414481897628,23.7060373405,163.042,282.078,249.80640003996902,True,ppo_top7_w5530_pareto_16s_test2M_i250_seed7_20260810_181017
实验结果9,ppo_top7_w5530_pareto,test2M,300,7,0.7268455,0.3624513622872814,0.2884578616978031,10.812874251497005,105.392481455,435.234,665.253,299.557613316654,True,ppo_top7_w5530_pareto_16s_test2M_i300_seed7_20260814_155114
实验结果9,ppo_top7_w5530_pareto,validation444k,200,7,0.6635459293408615,0.2906186922851323,0.3633100852460089,10.721973094170403,6.4375999743254235,11.756,11.812,199.47921978210073,True,ppo_top7_w5530_pareto_16s_validation444k_i200_seed7_20260728_221527
实验结果9,ppo_top7_w5530_pareto,validation444k,250,17,0.6332747022086893,0.31165693374137304,0.33540308922166095,10.946927374301676,5.0624306730117405,8.902,11.808,248.8057554601841,True,ppo_top7_w5530_pareto_16s_validation444k_i250_seed17_20260803_203618
实验结果9,ppo_top7_w5530_pareto,validation444k,250,27,0.6975512309157942,0.2878747929486212,0.36406962192086745,11.902506963788301,5.862432654908912,10.284,11.328,249.07456490947592,True,ppo_top7_w5530_pareto_16s_validation444k_i250_seed27_20260803_214154
实验结果9,ppo_top7_w5530_pareto,validation444k,250,7,0.6642463498183636,0.2914018581543491,0.3637756325238007,10.843575418994414,5.9671034482758625,9.849,11.751,249.178000319877,True,ppo_top7_w5530_pareto_16s_validation444k_i250_seed7_20260728_225745
实验结果9,ppo_top7_w5530_pareto,validation444k,300,17,0.6333084845468324,0.31429050007165926,0.332516867088303,10.821192052980132,5.959279044365219,10.832,11.304,298.57664383280695,True,ppo_top7_w5530_pareto_16s_validation444k_i300_seed17_20260803_211120
实验结果9,ppo_top7_w5530_pareto,validation444k,300,27,0.6963328145867632,0.29072497790184865,0.36357204270864163,11.843853820598007,5.321238974007869,9.01,10.452,298.4626470487408,True,ppo_top7_w5530_pareto_16s_validation444k_i300_seed27_20260803_221709
实验结果9,ppo_top7_w5530_pareto,validation444k,300,7,0.6642913929358879,0.2909985941949759,0.362995773771191,10.75,5.875780689565087,9.761,11.41,298.9171449248532,True,ppo_top7_w5530_pareto_16s_validation444k_i300_seed7_20260728_233222
实验结果9,ppo_top7_w5530_pareto,validation444k,350,7,0.6642440976624874,0.2935523916737148,0.3623743967042846,10.72972972972973,7.4306173654731,20.168,23.722,348.22588854581915,True,ppo_top7_w5530_pareto_16s_validation444k_i350_seed7_20260729_000122
实验结果9,ppo_top8_w5530_pareto,validation444k,250,7,0.6649422659841133,0.3503181444321344,0.3158163378245469,9.9,5.373960846270092,9.726,10.823,248.6856350425632,True,ppo_top8_w5530_pareto_16s_validation444k_i250_seed7_20260802_152948
实验结果9,ppo_top8_w5530_pareto,validation444k,300,7,0.6650255957515332,0.35138387067474575,0.3156788974076474,9.870431893687707,5.53775245203471,8.94,10.593,298.9668578446489,True,ppo_top8_w5530_pareto_16s_validation444k_i300_seed7_20260802_160433
实验结果9,random,test2M,250,17,0.928149,0.3595626040564657,0.34953085971338516,14.183520599250937,25.1009465685,163.652,282.688,249.75196507968025,True,random_16s_test2M_i250_seed17_20260902_115911
实验结果9,random,test2M,250,27,0.9696895,0.3425414153769018,0.3738915474827191,14.239076154806492,25.3298819545,165.358,286.407,249.82331246226104,True,random_16s_test2M_i250_seed27_20260902_145503
实验结果9,random,test2M,250,7,0.972207,0.3464698553008704,0.37039317824583845,14.234082397003744,25.862551963999998,165.798,280.827,249.7332848517783,True,random_16s_test2M_i250_seed7_20260811_114731
实验结果9,random,validation444k,250,7,0.9538217959141388,0.30568407145576343,0.4201369326801648,15.849162011173185,6.396253745898261,10.412,11.441,248.85400349165337,True,random_16s_validation444k_i250_seed7_20260806_203433
实验结果10,candidate_only_top7_w5530,validation444k,250,17,0.6755319029140645,0.33350558649150414,0.35587702401554977,15.03921568627451,5.475848420900908,10.046,11.507,249.22723218620743,True,candidate_only_top7_w5530_16s_validation444k_i250_seed17_20260904_194627
实验结果10,candidate_only_top7_w5530,validation444k,250,27,0.6759102651012682,0.3345127954059234,0.35514645317281035,14.997206703910615,5.4861277512899225,9.883,11.789,248.7890264080492,True,candidate_only_top7_w5530_16s_validation444k_i250_seed27_20260904_205434
实验结果10,candidate_only_top7_w5530,validation444k,250,7,0.6781263864834612,0.3333582164606881,0.3556655092993459,15.002793296089385,5.579946506793628,9.574,11.562,248.88301709540164,True,candidate_only_top7_w5530_16s_validation444k_i250_seed7_20260904_163601
实验结果10,ppo_top7_w5530_pareto,validation444k,250,17,0.6332859629880704,0.30909225601956614,0.3366858094984749,10.983193277310924,5.058383328190911,9.066,11.066,249.24919699162356,True,ppo_top7_w5530_pareto_16s_validation444k_i250_seed17_20260904_221446
实验结果10,ppo_top7_w5530_pareto,validation444k,250,27,0.6975737524745562,0.2872091041432115,0.3652011776824446,11.957983193277311,5.381935601854875,9.304,11.302,249.36398057739893,True,ppo_top7_w5530_pareto_16s_validation444k_i250_seed27_20260905_113837
实验结果10,ppo_top7_w5530_pareto,validation444k,250,7,0.6642260804154777,0.2891007533293945,0.3653168679474678,10.806722689075631,5.527784561021037,10.759,11.764,249.23170877510665,True,ppo_top7_w5530_pareto_16s_validation444k_i250_seed7_20260904_183631
